PSMSL Site,PSMSL ID,NOAA ID,NOAA Name,RSL GridNum,Lat,Long,Regional Classification,US Coastline Intersect (1 = yes),Scenario,RSL contribution from VLM (trend: cm/year),Offset 1992 to 2000 (cm),Offset 2000 to 2005 (cm),RSL_Scenario_Year,RSL_Value_cm
MOKUOLOE_ISLAND,823,1612480,Mokuoloe,39622,21.433056,-157.79,Hawaiian Islands,1,0.3 - MED,0.009,2,2,RSL2005 (cm),0
MOKUOLOE_ISLAND,823,1612480,Mokuoloe,39622,21.433056,-157.79,Hawaiian Islands,1,0.3 - LOW,0.009,2,2,RSL2005 (cm),0
MOKUOLOE_ISLAND,823,1612480,Mokuoloe,39622,21.433056,-157.79,Hawaiian Islands,1,0.3 - HIGH,0.009,2,2,RSL2005 (cm),0
MOKUOLOE_ISLAND,823,1612480,Mokuoloe,39622,21.433056,-157.79,Hawaiian Islands,1,0.5 - MED,0.009,2,2,RSL2005 (cm),0
MOKUOLOE_ISLAND,823,1612480,Mokuoloe,39622,21.433056,-157.79,Hawaiian Islands,1,0.5 - LOW,0.009,2,2,RSL2005 (cm),0
MOKUOLOE_ISLAND,823,1612480,Mokuoloe,39622,21.433056,-157.79,Hawaiian Islands,1,0.5 - HIGH,0.009,2,2,RSL2005 (cm),0
MOKUOLOE_ISLAND,823,1612480,Mokuoloe,39622,21.433056,-157.79,Hawaiian Islands,1,1.0 - MED,0.009,2,2,RSL2005 (cm),0
MOKUOLOE_ISLAND,823,1612480,Mokuoloe,39622,21.433056,-157.79,Hawaiian Islands,1,1.0 - LOW,0.009,2,2,RSL2005 (cm),0
MOKUOLOE_ISLAND,823,1612480,Mokuoloe,39622,21.433056,-157.79,Hawaiian Islands,1,1.0 - HIGH,0.009,2,2,RSL2005 (cm),0
MOKUOLOE_ISLAND,823,1612480,Mokuoloe,39622,21.433056,-157.79,Hawaiian Islands,1,1.5 - MED,0.009,2,2,RSL2005 (cm),0
MOKUOLOE_ISLAND,823,1612480,Mokuoloe,39622,21.433056,-157.79,Hawaiian Islands,1,1.5 - LOW,0.009,2,2,RSL2005 (cm),0
MOKUOLOE_ISLAND,823,1612480,Mokuoloe,39622,21.433056,-157.79,Hawaiian Islands,1,1.5 - HIGH,0.009,2,2,RSL2005 (cm),0
MOKUOLOE_ISLAND,823,1612480,Mokuoloe,39622,21.433056,-157.79,Hawaiian Islands,1,2.0 - MED,0.009,2,2,RSL2005 (cm),0
MOKUOLOE_ISLAND,823,1612480,Mokuoloe,39622,21.433056,-157.79,Hawaiian Islands,1,2.0 - LOW,0.009,2,2,RSL2005 (cm),0
MOKUOLOE_ISLAND,823,1612480,Mokuoloe,39622,21.433056,-157.79,Hawaiian Islands,1,2.0 - HIGH,0.009,2,2,RSL2005 (cm),0
MOKUOLOE_ISLAND,823,1612480,Mokuoloe,39622,21.433056,-157.79,Hawaiian Islands,1,0.3 - MED,0.009,2,2,RSL2020 (cm),6
MOKUOLOE_ISLAND,823,1612480,Mokuoloe,39622,21.433056,-157.79,Hawaiian Islands,1,0.3 - LOW,0.009,2,2,RSL2020 (cm),3
MOKUOLOE_ISLAND,823,1612480,Mokuoloe,39622,21.433056,-157.79,Hawaiian Islands,1,0.3 - HIGH,0.009,2,2,RSL2020 (cm),9
MOKUOLOE_ISLAND,823,1612480,Mokuoloe,39622,21.433056,-157.79,Hawaiian Islands,1,0.5 - MED,0.009,2,2,RSL2020 (cm),7
MOKUOLOE_ISLAND,823,1612480,Mokuoloe,39622,21.433056,-157.79,Hawaiian Islands,1,0.5 - LOW,0.009,2,2,RSL2020 (cm),5
MOKUOLOE_ISLAND,823,1612480,Mokuoloe,39622,21.433056,-157.79,Hawaiian Islands,1,0.5 - HIGH,0.009,2,2,RSL2020 (cm),9
MOKUOLOE_ISLAND,823,1612480,Mokuoloe,39622,21.433056,-157.79,Hawaiian Islands,1,1.0 - MED,0.009,2,2,RSL2020 (cm),8
MOKUOLOE_ISLAND,823,1612480,Mokuoloe,39622,21.433056,-157.79,Hawaiian Islands,1,1.0 - LOW,0.009,2,2,RSL2020 (cm),5
MOKUOLOE_ISLAND,823,1612480,Mokuoloe,39622,21.433056,-157.79,Hawaiian Islands,1,1.0 - HIGH,0.009,2,2,RSL2020 (cm),10
MOKUOLOE_ISLAND,823,1612480,Mokuoloe,39622,21.433056,-157.79,Hawaiian Islands,1,1.5 - MED,0.009,2,2,RSL2020 (cm),8
MOKUOLOE_ISLAND,823,1612480,Mokuoloe,39622,21.433056,-157.79,Hawaiian Islands,1,1.5 - LOW,0.009,2,2,RSL2020 (cm),5
MOKUOLOE_ISLAND,823,1612480,Mokuoloe,39622,21.433056,-157.79,Hawaiian Islands,1,1.5 - HIGH,0.009,2,2,RSL2020 (cm),11
MOKUOLOE_ISLAND,823,1612480,Mokuoloe,39622,21.433056,-157.79,Hawaiian Islands,1,2.0 - MED,0.009,2,2,RSL2020 (cm),8
MOKUOLOE_ISLAND,823,1612480,Mokuoloe,39622,21.433056,-157.79,Hawaiian Islands,1,2.0 - LOW,0.009,2,2,RSL2020 (cm),6
MOKUOLOE_ISLAND,823,1612480,Mokuoloe,39622,21.433056,-157.79,Hawaiian Islands,1,2.0 - HIGH,0.009,2,2,RSL2020 (cm),11
MOKUOLOE_ISLAND,823,1612480,Mokuoloe,39622,21.433056,-157.79,Hawaiian Islands,1,0.3 - MED,0.009,2,2,RSL2030 (cm),10
MOKUOLOE_ISLAND,823,1612480,Mokuoloe,39622,21.433056,-157.79,Hawaiian Islands,1,0.3 - LOW,0.009,2,2,RSL2030 (cm),8
MOKUOLOE_ISLAND,823,1612480,Mokuoloe,39622,21.433056,-157.79,Hawaiian Islands,1,0.3 - HIGH,0.009,2,2,RSL2030 (cm),13
MOKUOLOE_ISLAND,823,1612480,Mokuoloe,39622,21.433056,-157.79,Hawaiian Islands,1,0.5 - MED,0.009,2,2,RSL2030 (cm),12
MOKUOLOE_ISLAND,823,1612480,Mokuoloe,39622,21.433056,-157.79,Hawaiian Islands,1,0.5 - LOW,0.009,2,2,RSL2030 (cm),9
MOKUOLOE_ISLAND,823,1612480,Mokuoloe,39622,21.433056,-157.79,Hawaiian Islands,1,0.5 - HIGH,0.009,2,2,RSL2030 (cm),15
MOKUOLOE_ISLAND,823,1612480,Mokuoloe,39622,21.433056,-157.79,Hawaiian Islands,1,1.0 - MED,0.009,2,2,RSL2030 (cm),13
MOKUOLOE_ISLAND,823,1612480,Mokuoloe,39622,21.433056,-157.79,Hawaiian Islands,1,1.0 - LOW,0.009,2,2,RSL2030 (cm),10
MOKUOLOE_ISLAND,823,1612480,Mokuoloe,39622,21.433056,-157.79,Hawaiian Islands,1,1.0 - HIGH,0.009,2,2,RSL2030 (cm),17
MOKUOLOE_ISLAND,823,1612480,Mokuoloe,39622,21.433056,-157.79,Hawaiian Islands,1,1.5 - MED,0.009,2,2,RSL2030 (cm),15
MOKUOLOE_ISLAND,823,1612480,Mokuoloe,39622,21.433056,-157.79,Hawaiian Islands,1,1.5 - LOW,0.009,2,2,RSL2030 (cm),10
MOKUOLOE_ISLAND,823,1612480,Mokuoloe,39622,21.433056,-157.79,Hawaiian Islands,1,1.5 - HIGH,0.009,2,2,RSL2030 (cm),20
MOKUOLOE_ISLAND,823,1612480,Mokuoloe,39622,21.433056,-157.79,Hawaiian Islands,1,2.0 - MED,0.009,2,2,RSL2030 (cm),16
MOKUOLOE_ISLAND,823,1612480,Mokuoloe,39622,21.433056,-157.79,Hawaiian Islands,1,2.0 - LOW,0.009,2,2,RSL2030 (cm),10
MOKUOLOE_ISLAND,823,1612480,Mokuoloe,39622,21.433056,-157.79,Hawaiian Islands,1,2.0 - HIGH,0.009,2,2,RSL2030 (cm),22
MOKUOLOE_ISLAND,823,1612480,Mokuoloe,39622,21.433056,-157.79,Hawaiian Islands,1,0.3 - MED,0.009,2,2,RSL2040 (cm),14
MOKUOLOE_ISLAND,823,1612480,Mokuoloe,39622,21.433056,-157.79,Hawaiian Islands,1,0.3 - LOW,0.009,2,2,RSL2040 (cm),11
MOKUOLOE_ISLAND,823,1612480,Mokuoloe,39622,21.433056,-157.79,Hawaiian Islands,1,0.3 - HIGH,0.009,2,2,RSL2040 (cm),17
MOKUOLOE_ISLAND,823,1612480,Mokuoloe,39622,21.433056,-157.79,Hawaiian Islands,1,0.5 - MED,0.009,2,2,RSL2040 (cm),17
MOKUOLOE_ISLAND,823,1612480,Mokuoloe,39622,21.433056,-157.79,Hawaiian Islands,1,0.5 - LOW,0.009,2,2,RSL2040 (cm),13
MOKUOLOE_ISLAND,823,1612480,Mokuoloe,39622,21.433056,-157.79,Hawaiian Islands,1,0.5 - HIGH,0.009,2,2,RSL2040 (cm),21
MOKUOLOE_ISLAND,823,1612480,Mokuoloe,39622,21.433056,-157.79,Hawaiian Islands,1,1.0 - MED,0.009,2,2,RSL2040 (cm),19
MOKUOLOE_ISLAND,823,1612480,Mokuoloe,39622,21.433056,-157.79,Hawaiian Islands,1,1.0 - LOW,0.009,2,2,RSL2040 (cm),15
MOKUOLOE_ISLAND,823,1612480,Mokuoloe,39622,21.433056,-157.79,Hawaiian Islands,1,1.0 - HIGH,0.009,2,2,RSL2040 (cm),25
MOKUOLOE_ISLAND,823,1612480,Mokuoloe,39622,21.433056,-157.79,Hawaiian Islands,1,1.5 - MED,0.009,2,2,RSL2040 (cm),23
MOKUOLOE_ISLAND,823,1612480,Mokuoloe,39622,21.433056,-157.79,Hawaiian Islands,1,1.5 - LOW,0.009,2,2,RSL2040 (cm),16
MOKUOLOE_ISLAND,823,1612480,Mokuoloe,39622,21.433056,-157.79,Hawaiian Islands,1,1.5 - HIGH,0.009,2,2,RSL2040 (cm),33
MOKUOLOE_ISLAND,823,1612480,Mokuoloe,39622,21.433056,-157.79,Hawaiian Islands,1,2.0 - MED,0.009,2,2,RSL2040 (cm),26
MOKUOLOE_ISLAND,823,1612480,Mokuoloe,39622,21.433056,-157.79,Hawaiian Islands,1,2.0 - LOW,0.009,2,2,RSL2040 (cm),17
MOKUOLOE_ISLAND,823,1612480,Mokuoloe,39622,21.433056,-157.79,Hawaiian Islands,1,2.0 - HIGH,0.009,2,2,RSL2040 (cm),39
MOKUOLOE_ISLAND,823,1612480,Mokuoloe,39622,21.433056,-157.79,Hawaiian Islands,1,0.3 - MED,0.009,2,2,RSL2050 (cm),17
MOKUOLOE_ISLAND,823,1612480,Mokuoloe,39622,21.433056,-157.79,Hawaiian Islands,1,0.3 - LOW,0.009,2,2,RSL2050 (cm),14
MOKUOLOE_ISLAND,823,1612480,Mokuoloe,39622,21.433056,-157.79,Hawaiian Islands,1,0.3 - HIGH,0.009,2,2,RSL2050 (cm),21
MOKUOLOE_ISLAND,823,1612480,Mokuoloe,39622,21.433056,-157.79,Hawaiian Islands,1,0.5 - MED,0.009,2,2,RSL2050 (cm),23
MOKUOLOE_ISLAND,823,1612480,Mokuoloe,39622,21.433056,-157.79,Hawaiian Islands,1,0.5 - LOW,0.009,2,2,RSL2050 (cm),18
MOKUOLOE_ISLAND,823,1612480,Mokuoloe,39622,21.433056,-157.79,Hawaiian Islands,1,0.5 - HIGH,0.009,2,2,RSL2050 (cm),28
MOKUOLOE_ISLAND,823,1612480,Mokuoloe,39622,21.433056,-157.79,Hawaiian Islands,1,1.0 - MED,0.009,2,2,RSL2050 (cm),28
MOKUOLOE_ISLAND,823,1612480,Mokuoloe,39622,21.433056,-157.79,Hawaiian Islands,1,1.0 - LOW,0.009,2,2,RSL2050 (cm),22
MOKUOLOE_ISLAND,823,1612480,Mokuoloe,39622,21.433056,-157.79,Hawaiian Islands,1,1.0 - HIGH,0.009,2,2,RSL2050 (cm),36
MOKUOLOE_ISLAND,823,1612480,Mokuoloe,39622,21.433056,-157.79,Hawaiian Islands,1,1.5 - MED,0.009,2,2,RSL2050 (cm),36
MOKUOLOE_ISLAND,823,1612480,Mokuoloe,39622,21.433056,-157.79,Hawaiian Islands,1,1.5 - LOW,0.009,2,2,RSL2050 (cm),26
MOKUOLOE_ISLAND,823,1612480,Mokuoloe,39622,21.433056,-157.79,Hawaiian Islands,1,1.5 - HIGH,0.009,2,2,RSL2050 (cm),51
MOKUOLOE_ISLAND,823,1612480,Mokuoloe,39622,21.433056,-157.79,Hawaiian Islands,1,2.0 - MED,0.009,2,2,RSL2050 (cm),44
MOKUOLOE_ISLAND,823,1612480,Mokuoloe,39622,21.433056,-157.79,Hawaiian Islands,1,2.0 - LOW,0.009,2,2,RSL2050 (cm),31
MOKUOLOE_ISLAND,823,1612480,Mokuoloe,39622,21.433056,-157.79,Hawaiian Islands,1,2.0 - HIGH,0.009,2,2,RSL2050 (cm),63
MOKUOLOE_ISLAND,823,1612480,Mokuoloe,39622,21.433056,-157.79,Hawaiian Islands,1,0.3 - MED,0.009,2,2,RSL2060 (cm),21
MOKUOLOE_ISLAND,823,1612480,Mokuoloe,39622,21.433056,-157.79,Hawaiian Islands,1,0.3 - LOW,0.009,2,2,RSL2060 (cm),17
MOKUOLOE_ISLAND,823,1612480,Mokuoloe,39622,21.433056,-157.79,Hawaiian Islands,1,0.3 - HIGH,0.009,2,2,RSL2060 (cm),25
MOKUOLOE_ISLAND,823,1612480,Mokuoloe,39622,21.433056,-157.79,Hawaiian Islands,1,0.5 - MED,0.009,2,2,RSL2060 (cm),29
MOKUOLOE_ISLAND,823,1612480,Mokuoloe,39622,21.433056,-157.79,Hawaiian Islands,1,0.5 - LOW,0.009,2,2,RSL2060 (cm),23
MOKUOLOE_ISLAND,823,1612480,Mokuoloe,39622,21.433056,-157.79,Hawaiian Islands,1,0.5 - HIGH,0.009,2,2,RSL2060 (cm),35
MOKUOLOE_ISLAND,823,1612480,Mokuoloe,39622,21.433056,-157.79,Hawaiian Islands,1,1.0 - MED,0.009,2,2,RSL2060 (cm),39
MOKUOLOE_ISLAND,823,1612480,Mokuoloe,39622,21.433056,-157.79,Hawaiian Islands,1,1.0 - LOW,0.009,2,2,RSL2060 (cm),31
MOKUOLOE_ISLAND,823,1612480,Mokuoloe,39622,21.433056,-157.79,Hawaiian Islands,1,1.0 - HIGH,0.009,2,2,RSL2060 (cm),50
MOKUOLOE_ISLAND,823,1612480,Mokuoloe,39622,21.433056,-157.79,Hawaiian Islands,1,1.5 - MED,0.009,2,2,RSL2060 (cm),55
MOKUOLOE_ISLAND,823,1612480,Mokuoloe,39622,21.433056,-157.79,Hawaiian Islands,1,1.5 - LOW,0.009,2,2,RSL2060 (cm),40
MOKUOLOE_ISLAND,823,1612480,Mokuoloe,39622,21.433056,-157.79,Hawaiian Islands,1,1.5 - HIGH,0.009,2,2,RSL2060 (cm),73
MOKUOLOE_ISLAND,823,1612480,Mokuoloe,39622,21.433056,-157.79,Hawaiian Islands,1,2.0 - MED,0.009,2,2,RSL2060 (cm),72
MOKUOLOE_ISLAND,823,1612480,Mokuoloe,39622,21.433056,-157.79,Hawaiian Islands,1,2.0 - LOW,0.009,2,2,RSL2060 (cm),52
MOKUOLOE_ISLAND,823,1612480,Mokuoloe,39622,21.433056,-157.79,Hawaiian Islands,1,2.0 - HIGH,0.009,2,2,RSL2060 (cm),93
MOKUOLOE_ISLAND,823,1612480,Mokuoloe,39622,21.433056,-157.79,Hawaiian Islands,1,0.3 - MED,0.009,2,2,RSL2070 (cm),24
MOKUOLOE_ISLAND,823,1612480,Mokuoloe,39622,21.433056,-157.79,Hawaiian Islands,1,0.3 - LOW,0.009,2,2,RSL2070 (cm),20
MOKUOLOE_ISLAND,823,1612480,Mokuoloe,39622,21.433056,-157.79,Hawaiian Islands,1,0.3 - HIGH,0.009,2,2,RSL2070 (cm),30
MOKUOLOE_ISLAND,823,1612480,Mokuoloe,39622,21.433056,-157.79,Hawaiian Islands,1,0.5 - MED,0.009,2,2,RSL2070 (cm),35
MOKUOLOE_ISLAND,823,1612480,Mokuoloe,39622,21.433056,-157.79,Hawaiian Islands,1,0.5 - LOW,0.009,2,2,RSL2070 (cm),29
MOKUOLOE_ISLAND,823,1612480,Mokuoloe,39622,21.433056,-157.79,Hawaiian Islands,1,0.5 - HIGH,0.009,2,2,RSL2070 (cm),42
MOKUOLOE_ISLAND,823,1612480,Mokuoloe,39622,21.433056,-157.79,Hawaiian Islands,1,1.0 - MED,0.009,2,2,RSL2070 (cm),52
MOKUOLOE_ISLAND,823,1612480,Mokuoloe,39622,21.433056,-157.79,Hawaiian Islands,1,1.0 - LOW,0.009,2,2,RSL2070 (cm),41
MOKUOLOE_ISLAND,823,1612480,Mokuoloe,39622,21.433056,-157.79,Hawaiian Islands,1,1.0 - HIGH,0.009,2,2,RSL2070 (cm),65
MOKUOLOE_ISLAND,823,1612480,Mokuoloe,39622,21.433056,-157.79,Hawaiian Islands,1,1.5 - MED,0.009,2,2,RSL2070 (cm),82
MOKUOLOE_ISLAND,823,1612480,Mokuoloe,39622,21.433056,-157.79,Hawaiian Islands,1,1.5 - LOW,0.009,2,2,RSL2070 (cm),57
MOKUOLOE_ISLAND,823,1612480,Mokuoloe,39622,21.433056,-157.79,Hawaiian Islands,1,1.5 - HIGH,0.009,2,2,RSL2070 (cm),99
MOKUOLOE_ISLAND,823,1612480,Mokuoloe,39622,21.433056,-157.79,Hawaiian Islands,1,2.0 - MED,0.009,2,2,RSL2070 (cm),106
MOKUOLOE_ISLAND,823,1612480,Mokuoloe,39622,21.433056,-157.79,Hawaiian Islands,1,2.0 - LOW,0.009,2,2,RSL2070 (cm),81
MOKUOLOE_ISLAND,823,1612480,Mokuoloe,39622,21.433056,-157.79,Hawaiian Islands,1,2.0 - HIGH,0.009,2,2,RSL2070 (cm),126
MOKUOLOE_ISLAND,823,1612480,Mokuoloe,39622,21.433056,-157.79,Hawaiian Islands,1,0.3 - MED,0.009,2,2,RSL2080 (cm),28
MOKUOLOE_ISLAND,823,1612480,Mokuoloe,39622,21.433056,-157.79,Hawaiian Islands,1,0.3 - LOW,0.009,2,2,RSL2080 (cm),24
MOKUOLOE_ISLAND,823,1612480,Mokuoloe,39622,21.433056,-157.79,Hawaiian Islands,1,0.3 - HIGH,0.009,2,2,RSL2080 (cm),33
MOKUOLOE_ISLAND,823,1612480,Mokuoloe,39622,21.433056,-157.79,Hawaiian Islands,1,0.5 - MED,0.009,2,2,RSL2080 (cm),43
MOKUOLOE_ISLAND,823,1612480,Mokuoloe,39622,21.433056,-157.79,Hawaiian Islands,1,0.5 - LOW,0.009,2,2,RSL2080 (cm),36
MOKUOLOE_ISLAND,823,1612480,Mokuoloe,39622,21.433056,-157.79,Hawaiian Islands,1,0.5 - HIGH,0.009,2,2,RSL2080 (cm),50
MOKUOLOE_ISLAND,823,1612480,Mokuoloe,39622,21.433056,-157.79,Hawaiian Islands,1,1.0 - MED,0.009,2,2,RSL2080 (cm),68
MOKUOLOE_ISLAND,823,1612480,Mokuoloe,39622,21.433056,-157.79,Hawaiian Islands,1,1.0 - LOW,0.009,2,2,RSL2080 (cm),54
MOKUOLOE_ISLAND,823,1612480,Mokuoloe,39622,21.433056,-157.79,Hawaiian Islands,1,1.0 - HIGH,0.009,2,2,RSL2080 (cm),83
MOKUOLOE_ISLAND,823,1612480,Mokuoloe,39622,21.433056,-157.79,Hawaiian Islands,1,1.5 - MED,0.009,2,2,RSL2080 (cm),112
MOKUOLOE_ISLAND,823,1612480,Mokuoloe,39622,21.433056,-157.79,Hawaiian Islands,1,1.5 - LOW,0.009,2,2,RSL2080 (cm),78
MOKUOLOE_ISLAND,823,1612480,Mokuoloe,39622,21.433056,-157.79,Hawaiian Islands,1,1.5 - HIGH,0.009,2,2,RSL2080 (cm),128
MOKUOLOE_ISLAND,823,1612480,Mokuoloe,39622,21.433056,-157.79,Hawaiian Islands,1,2.0 - MED,0.009,2,2,RSL2080 (cm),148
MOKUOLOE_ISLAND,823,1612480,Mokuoloe,39622,21.433056,-157.79,Hawaiian Islands,1,2.0 - LOW,0.009,2,2,RSL2080 (cm),120
MOKUOLOE_ISLAND,823,1612480,Mokuoloe,39622,21.433056,-157.79,Hawaiian Islands,1,2.0 - HIGH,0.009,2,2,RSL2080 (cm),165
MOKUOLOE_ISLAND,823,1612480,Mokuoloe,39622,21.433056,-157.79,Hawaiian Islands,1,0.3 - MED,0.009,2,2,RSL2090 (cm),31
MOKUOLOE_ISLAND,823,1612480,Mokuoloe,39622,21.433056,-157.79,Hawaiian Islands,1,0.3 - LOW,0.009,2,2,RSL2090 (cm),27
MOKUOLOE_ISLAND,823,1612480,Mokuoloe,39622,21.433056,-157.79,Hawaiian Islands,1,0.3 - HIGH,0.009,2,2,RSL2090 (cm),38
MOKUOLOE_ISLAND,823,1612480,Mokuoloe,39622,21.433056,-157.79,Hawaiian Islands,1,0.5 - MED,0.009,2,2,RSL2090 (cm),50
MOKUOLOE_ISLAND,823,1612480,Mokuoloe,39622,21.433056,-157.79,Hawaiian Islands,1,0.5 - LOW,0.009,2,2,RSL2090 (cm),43
MOKUOLOE_ISLAND,823,1612480,Mokuoloe,39622,21.433056,-157.79,Hawaiian Islands,1,0.5 - HIGH,0.009,2,2,RSL2090 (cm),58
MOKUOLOE_ISLAND,823,1612480,Mokuoloe,39622,21.433056,-157.79,Hawaiian Islands,1,1.0 - MED,0.009,2,2,RSL2090 (cm),89
MOKUOLOE_ISLAND,823,1612480,Mokuoloe,39622,21.433056,-157.79,Hawaiian Islands,1,1.0 - LOW,0.009,2,2,RSL2090 (cm),72
MOKUOLOE_ISLAND,823,1612480,Mokuoloe,39622,21.433056,-157.79,Hawaiian Islands,1,1.0 - HIGH,0.009,2,2,RSL2090 (cm),103
MOKUOLOE_ISLAND,823,1612480,Mokuoloe,39622,21.433056,-157.79,Hawaiian Islands,1,1.5 - MED,0.009,2,2,RSL2090 (cm),144
MOKUOLOE_ISLAND,823,1612480,Mokuoloe,39622,21.433056,-157.79,Hawaiian Islands,1,1.5 - LOW,0.009,2,2,RSL2090 (cm),107
MOKUOLOE_ISLAND,823,1612480,Mokuoloe,39622,21.433056,-157.79,Hawaiian Islands,1,1.5 - HIGH,0.009,2,2,RSL2090 (cm),156
MOKUOLOE_ISLAND,823,1612480,Mokuoloe,39622,21.433056,-157.79,Hawaiian Islands,1,2.0 - MED,0.009,2,2,RSL2090 (cm),193
MOKUOLOE_ISLAND,823,1612480,Mokuoloe,39622,21.433056,-157.79,Hawaiian Islands,1,2.0 - LOW,0.009,2,2,RSL2090 (cm),169
MOKUOLOE_ISLAND,823,1612480,Mokuoloe,39622,21.433056,-157.79,Hawaiian Islands,1,2.0 - HIGH,0.009,2,2,RSL2090 (cm),206
MOKUOLOE_ISLAND,823,1612480,Mokuoloe,39622,21.433056,-157.79,Hawaiian Islands,1,0.3 - MED,0.009,2,2,RSL2100 (cm),35
MOKUOLOE_ISLAND,823,1612480,Mokuoloe,39622,21.433056,-157.79,Hawaiian Islands,1,0.3 - LOW,0.009,2,2,RSL2100 (cm),28
MOKUOLOE_ISLAND,823,1612480,Mokuoloe,39622,21.433056,-157.79,Hawaiian Islands,1,0.3 - HIGH,0.009,2,2,RSL2100 (cm),43
MOKUOLOE_ISLAND,823,1612480,Mokuoloe,39622,21.433056,-157.79,Hawaiian Islands,1,0.5 - MED,0.009,2,2,RSL2100 (cm),58
MOKUOLOE_ISLAND,823,1612480,Mokuoloe,39622,21.433056,-157.79,Hawaiian Islands,1,0.5 - LOW,0.009,2,2,RSL2100 (cm),49
MOKUOLOE_ISLAND,823,1612480,Mokuoloe,39622,21.433056,-157.79,Hawaiian Islands,1,0.5 - HIGH,0.009,2,2,RSL2100 (cm),69
MOKUOLOE_ISLAND,823,1612480,Mokuoloe,39622,21.433056,-157.79,Hawaiian Islands,1,1.0 - MED,0.009,2,2,RSL2100 (cm),115
MOKUOLOE_ISLAND,823,1612480,Mokuoloe,39622,21.433056,-157.79,Hawaiian Islands,1,1.0 - LOW,0.009,2,2,RSL2100 (cm),92
MOKUOLOE_ISLAND,823,1612480,Mokuoloe,39622,21.433056,-157.79,Hawaiian Islands,1,1.0 - HIGH,0.009,2,2,RSL2100 (cm),126
MOKUOLOE_ISLAND,823,1612480,Mokuoloe,39622,21.433056,-157.79,Hawaiian Islands,1,1.5 - MED,0.009,2,2,RSL2100 (cm),177
MOKUOLOE_ISLAND,823,1612480,Mokuoloe,39622,21.433056,-157.79,Hawaiian Islands,1,1.5 - LOW,0.009,2,2,RSL2100 (cm),132
MOKUOLOE_ISLAND,823,1612480,Mokuoloe,39622,21.433056,-157.79,Hawaiian Islands,1,1.5 - HIGH,0.009,2,2,RSL2100 (cm),187
MOKUOLOE_ISLAND,823,1612480,Mokuoloe,39622,21.433056,-157.79,Hawaiian Islands,1,2.0 - MED,0.009,2,2,RSL2100 (cm),239
MOKUOLOE_ISLAND,823,1612480,Mokuoloe,39622,21.433056,-157.79,Hawaiian Islands,1,2.0 - LOW,0.009,2,2,RSL2100 (cm),224
MOKUOLOE_ISLAND,823,1612480,Mokuoloe,39622,21.433056,-157.79,Hawaiian Islands,1,2.0 - HIGH,0.009,2,2,RSL2100 (cm),251
MOKUOLOE_ISLAND,823,1612480,Mokuoloe,39622,21.433056,-157.79,Hawaiian Islands,1,0.3 - MED,0.009,2,2,RSL2110 (cm),38
MOKUOLOE_ISLAND,823,1612480,Mokuoloe,39622,21.433056,-157.79,Hawaiian Islands,1,0.3 - LOW,0.009,2,2,RSL2110 (cm),30
MOKUOLOE_ISLAND,823,1612480,Mokuoloe,39622,21.433056,-157.79,Hawaiian Islands,1,0.3 - HIGH,0.009,2,2,RSL2110 (cm),48
MOKUOLOE_ISLAND,823,1612480,Mokuoloe,39622,21.433056,-157.79,Hawaiian Islands,1,0.5 - MED,0.009,2,2,RSL2110 (cm),66
MOKUOLOE_ISLAND,823,1612480,Mokuoloe,39622,21.433056,-157.79,Hawaiian Islands,1,0.5 - LOW,0.009,2,2,RSL2110 (cm),56
MOKUOLOE_ISLAND,823,1612480,Mokuoloe,39622,21.433056,-157.79,Hawaiian Islands,1,0.5 - HIGH,0.009,2,2,RSL2110 (cm),78
MOKUOLOE_ISLAND,823,1612480,Mokuoloe,39622,21.433056,-157.79,Hawaiian Islands,1,1.0 - MED,0.009,2,2,RSL2110 (cm),139
MOKUOLOE_ISLAND,823,1612480,Mokuoloe,39622,21.433056,-157.79,Hawaiian Islands,1,1.0 - LOW,0.009,2,2,RSL2110 (cm),108
MOKUOLOE_ISLAND,823,1612480,Mokuoloe,39622,21.433056,-157.79,Hawaiian Islands,1,1.0 - HIGH,0.009,2,2,RSL2110 (cm),161
MOKUOLOE_ISLAND,823,1612480,Mokuoloe,39622,21.433056,-157.79,Hawaiian Islands,1,1.5 - MED,0.009,2,2,RSL2110 (cm),206
MOKUOLOE_ISLAND,823,1612480,Mokuoloe,39622,21.433056,-157.79,Hawaiian Islands,1,1.5 - LOW,0.009,2,2,RSL2110 (cm),156
MOKUOLOE_ISLAND,823,1612480,Mokuoloe,39622,21.433056,-157.79,Hawaiian Islands,1,1.5 - HIGH,0.009,2,2,RSL2110 (cm),226
MOKUOLOE_ISLAND,823,1612480,Mokuoloe,39622,21.433056,-157.79,Hawaiian Islands,1,2.0 - MED,0.009,2,2,RSL2110 (cm),283
MOKUOLOE_ISLAND,823,1612480,Mokuoloe,39622,21.433056,-157.79,Hawaiian Islands,1,2.0 - LOW,0.009,2,2,RSL2110 (cm),260
MOKUOLOE_ISLAND,823,1612480,Mokuoloe,39622,21.433056,-157.79,Hawaiian Islands,1,2.0 - HIGH,0.009,2,2,RSL2110 (cm),306
MOKUOLOE_ISLAND,823,1612480,Mokuoloe,39622,21.433056,-157.79,Hawaiian Islands,1,0.3 - MED,0.009,2,2,RSL2120 (cm),41
MOKUOLOE_ISLAND,823,1612480,Mokuoloe,39622,21.433056,-157.79,Hawaiian Islands,1,0.3 - LOW,0.009,2,2,RSL2120 (cm),33
MOKUOLOE_ISLAND,823,1612480,Mokuoloe,39622,21.433056,-157.79,Hawaiian Islands,1,0.3 - HIGH,0.009,2,2,RSL2120 (cm),53
MOKUOLOE_ISLAND,823,1612480,Mokuoloe,39622,21.433056,-157.79,Hawaiian Islands,1,0.5 - MED,0.009,2,2,RSL2120 (cm),74
MOKUOLOE_ISLAND,823,1612480,Mokuoloe,39622,21.433056,-157.79,Hawaiian Islands,1,0.5 - LOW,0.009,2,2,RSL2120 (cm),62
MOKUOLOE_ISLAND,823,1612480,Mokuoloe,39622,21.433056,-157.79,Hawaiian Islands,1,0.5 - HIGH,0.009,2,2,RSL2120 (cm),88
MOKUOLOE_ISLAND,823,1612480,Mokuoloe,39622,21.433056,-157.79,Hawaiian Islands,1,1.0 - MED,0.009,2,2,RSL2120 (cm),160
MOKUOLOE_ISLAND,823,1612480,Mokuoloe,39622,21.433056,-157.79,Hawaiian Islands,1,1.0 - LOW,0.009,2,2,RSL2120 (cm),123
MOKUOLOE_ISLAND,823,1612480,Mokuoloe,39622,21.433056,-157.79,Hawaiian Islands,1,1.0 - HIGH,0.009,2,2,RSL2120 (cm),206
MOKUOLOE_ISLAND,823,1612480,Mokuoloe,39622,21.433056,-157.79,Hawaiian Islands,1,1.5 - MED,0.009,2,2,RSL2120 (cm),231
MOKUOLOE_ISLAND,823,1612480,Mokuoloe,39622,21.433056,-157.79,Hawaiian Islands,1,1.5 - LOW,0.009,2,2,RSL2120 (cm),177
MOKUOLOE_ISLAND,823,1612480,Mokuoloe,39622,21.433056,-157.79,Hawaiian Islands,1,1.5 - HIGH,0.009,2,2,RSL2120 (cm),274
MOKUOLOE_ISLAND,823,1612480,Mokuoloe,39622,21.433056,-157.79,Hawaiian Islands,1,2.0 - MED,0.009,2,2,RSL2120 (cm),324
MOKUOLOE_ISLAND,823,1612480,Mokuoloe,39622,21.433056,-157.79,Hawaiian Islands,1,2.0 - LOW,0.009,2,2,RSL2120 (cm),287
MOKUOLOE_ISLAND,823,1612480,Mokuoloe,39622,21.433056,-157.79,Hawaiian Islands,1,2.0 - HIGH,0.009,2,2,RSL2120 (cm),373
MOKUOLOE_ISLAND,823,1612480,Mokuoloe,39622,21.433056,-157.79,Hawaiian Islands,1,0.3 - MED,0.009,2,2,RSL2130 (cm),44
MOKUOLOE_ISLAND,823,1612480,Mokuoloe,39622,21.433056,-157.79,Hawaiian Islands,1,0.3 - LOW,0.009,2,2,RSL2130 (cm),35
MOKUOLOE_ISLAND,823,1612480,Mokuoloe,39622,21.433056,-157.79,Hawaiian Islands,1,0.3 - HIGH,0.009,2,2,RSL2130 (cm),57
MOKUOLOE_ISLAND,823,1612480,Mokuoloe,39622,21.433056,-157.79,Hawaiian Islands,1,0.5 - MED,0.009,2,2,RSL2130 (cm),82
MOKUOLOE_ISLAND,823,1612480,Mokuoloe,39622,21.433056,-157.79,Hawaiian Islands,1,0.5 - LOW,0.009,2,2,RSL2130 (cm),69
MOKUOLOE_ISLAND,823,1612480,Mokuoloe,39622,21.433056,-157.79,Hawaiian Islands,1,0.5 - HIGH,0.009,2,2,RSL2130 (cm),98
MOKUOLOE_ISLAND,823,1612480,Mokuoloe,39622,21.433056,-157.79,Hawaiian Islands,1,1.0 - MED,0.009,2,2,RSL2130 (cm),180
MOKUOLOE_ISLAND,823,1612480,Mokuoloe,39622,21.433056,-157.79,Hawaiian Islands,1,1.0 - LOW,0.009,2,2,RSL2130 (cm),137
MOKUOLOE_ISLAND,823,1612480,Mokuoloe,39622,21.433056,-157.79,Hawaiian Islands,1,1.0 - HIGH,0.009,2,2,RSL2130 (cm),264
MOKUOLOE_ISLAND,823,1612480,Mokuoloe,39622,21.433056,-157.79,Hawaiian Islands,1,1.5 - MED,0.009,2,2,RSL2130 (cm),255
MOKUOLOE_ISLAND,823,1612480,Mokuoloe,39622,21.433056,-157.79,Hawaiian Islands,1,1.5 - LOW,0.009,2,2,RSL2130 (cm),197
MOKUOLOE_ISLAND,823,1612480,Mokuoloe,39622,21.433056,-157.79,Hawaiian Islands,1,1.5 - HIGH,0.009,2,2,RSL2130 (cm),322
MOKUOLOE_ISLAND,823,1612480,Mokuoloe,39622,21.433056,-157.79,Hawaiian Islands,1,2.0 - MED,0.009,2,2,RSL2130 (cm),358
MOKUOLOE_ISLAND,823,1612480,Mokuoloe,39622,21.433056,-157.79,Hawaiian Islands,1,2.0 - LOW,0.009,2,2,RSL2130 (cm),306
MOKUOLOE_ISLAND,823,1612480,Mokuoloe,39622,21.433056,-157.79,Hawaiian Islands,1,2.0 - HIGH,0.009,2,2,RSL2130 (cm),447
MOKUOLOE_ISLAND,823,1612480,Mokuoloe,39622,21.433056,-157.79,Hawaiian Islands,1,0.3 - MED,0.009,2,2,RSL2140 (cm),47
MOKUOLOE_ISLAND,823,1612480,Mokuoloe,39622,21.433056,-157.79,Hawaiian Islands,1,0.3 - LOW,0.009,2,2,RSL2140 (cm),37
MOKUOLOE_ISLAND,823,1612480,Mokuoloe,39622,21.433056,-157.79,Hawaiian Islands,1,0.3 - HIGH,0.009,2,2,RSL2140 (cm),61
MOKUOLOE_ISLAND,823,1612480,Mokuoloe,39622,21.433056,-157.79,Hawaiian Islands,1,0.5 - MED,0.009,2,2,RSL2140 (cm),89
MOKUOLOE_ISLAND,823,1612480,Mokuoloe,39622,21.433056,-157.79,Hawaiian Islands,1,0.5 - LOW,0.009,2,2,RSL2140 (cm),75
MOKUOLOE_ISLAND,823,1612480,Mokuoloe,39622,21.433056,-157.79,Hawaiian Islands,1,0.5 - HIGH,0.009,2,2,RSL2140 (cm),109
MOKUOLOE_ISLAND,823,1612480,Mokuoloe,39622,21.433056,-157.79,Hawaiian Islands,1,1.0 - MED,0.009,2,2,RSL2140 (cm),199
MOKUOLOE_ISLAND,823,1612480,Mokuoloe,39622,21.433056,-157.79,Hawaiian Islands,1,1.0 - LOW,0.009,2,2,RSL2140 (cm),149
MOKUOLOE_ISLAND,823,1612480,Mokuoloe,39622,21.433056,-157.79,Hawaiian Islands,1,1.0 - HIGH,0.009,2,2,RSL2140 (cm),334
MOKUOLOE_ISLAND,823,1612480,Mokuoloe,39622,21.433056,-157.79,Hawaiian Islands,1,1.5 - MED,0.009,2,2,RSL2140 (cm),277
MOKUOLOE_ISLAND,823,1612480,Mokuoloe,39622,21.433056,-157.79,Hawaiian Islands,1,1.5 - LOW,0.009,2,2,RSL2140 (cm),210
MOKUOLOE_ISLAND,823,1612480,Mokuoloe,39622,21.433056,-157.79,Hawaiian Islands,1,1.5 - HIGH,0.009,2,2,RSL2140 (cm),371
MOKUOLOE_ISLAND,823,1612480,Mokuoloe,39622,21.433056,-157.79,Hawaiian Islands,1,2.0 - MED,0.009,2,2,RSL2140 (cm),394
MOKUOLOE_ISLAND,823,1612480,Mokuoloe,39622,21.433056,-157.79,Hawaiian Islands,1,2.0 - LOW,0.009,2,2,RSL2140 (cm),319
MOKUOLOE_ISLAND,823,1612480,Mokuoloe,39622,21.433056,-157.79,Hawaiian Islands,1,2.0 - HIGH,0.009,2,2,RSL2140 (cm),525
MOKUOLOE_ISLAND,823,1612480,Mokuoloe,39622,21.433056,-157.79,Hawaiian Islands,1,0.3 - MED,0.009,2,2,RSL2150 (cm),50
MOKUOLOE_ISLAND,823,1612480,Mokuoloe,39622,21.433056,-157.79,Hawaiian Islands,1,0.3 - LOW,0.009,2,2,RSL2150 (cm),39
MOKUOLOE_ISLAND,823,1612480,Mokuoloe,39622,21.433056,-157.79,Hawaiian Islands,1,0.3 - HIGH,0.009,2,2,RSL2150 (cm),66
MOKUOLOE_ISLAND,823,1612480,Mokuoloe,39622,21.433056,-157.79,Hawaiian Islands,1,0.5 - MED,0.009,2,2,RSL2150 (cm),97
MOKUOLOE_ISLAND,823,1612480,Mokuoloe,39622,21.433056,-157.79,Hawaiian Islands,1,0.5 - LOW,0.009,2,2,RSL2150 (cm),80
MOKUOLOE_ISLAND,823,1612480,Mokuoloe,39622,21.433056,-157.79,Hawaiian Islands,1,0.5 - HIGH,0.009,2,2,RSL2150 (cm),121
MOKUOLOE_ISLAND,823,1612480,Mokuoloe,39622,21.433056,-157.79,Hawaiian Islands,1,1.0 - MED,0.009,2,2,RSL2150 (cm),219
MOKUOLOE_ISLAND,823,1612480,Mokuoloe,39622,21.433056,-157.79,Hawaiian Islands,1,1.0 - LOW,0.009,2,2,RSL2150 (cm),161
MOKUOLOE_ISLAND,823,1612480,Mokuoloe,39622,21.433056,-157.79,Hawaiian Islands,1,1.0 - HIGH,0.009,2,2,RSL2150 (cm),417
MOKUOLOE_ISLAND,823,1612480,Mokuoloe,39622,21.433056,-157.79,Hawaiian Islands,1,1.5 - MED,0.009,2,2,RSL2150 (cm),300
MOKUOLOE_ISLAND,823,1612480,Mokuoloe,39622,21.433056,-157.79,Hawaiian Islands,1,1.5 - LOW,0.009,2,2,RSL2150 (cm),223
MOKUOLOE_ISLAND,823,1612480,Mokuoloe,39622,21.433056,-157.79,Hawaiian Islands,1,1.5 - HIGH,0.009,2,2,RSL2150 (cm),415
MOKUOLOE_ISLAND,823,1612480,Mokuoloe,39622,21.433056,-157.79,Hawaiian Islands,1,2.0 - MED,0.009,2,2,RSL2150 (cm),427
MOKUOLOE_ISLAND,823,1612480,Mokuoloe,39622,21.433056,-157.79,Hawaiian Islands,1,2.0 - LOW,0.009,2,2,RSL2150 (cm),329
MOKUOLOE_ISLAND,823,1612480,Mokuoloe,39622,21.433056,-157.79,Hawaiian Islands,1,2.0 - HIGH,0.009,2,2,RSL2150 (cm),603
